Select,id,name
true,964188008837248,Group 964188008837248
true,908728617233359,Group 908728617233359
true,794182491758699,Group 794182491758699
true,1062389768101878,Group 1062389768101878
true,306600939085911,Group 306600939085911
true,199595657305850,Group 199595657305850
true,monoambientesygarzoniercochabamba.nh,Group monoambientesygarzoniercochabamba.nh
true,628247727655732,Group 628247727655732
true,463724450094399,Group 463724450094399
true,1573254616963428,Group 1573254616963428
true,312771275762143,Group 312771275762143
true,323403514847417,Group 323403514847417
true,elguru.inmuebles,Group elguru.inmuebles
true,1003278830003541,Group 1003278830003541
true,1911599702252224,Group 1911599702252224
true,2923734161238629,Group 2923734161238629
true,632992586723322,Group 632992586723322
true,202566387521004,Group 202566387521004
true,1914824925338187,Group 1914824925338187
true,510842615618573,Group 510842615618573
true,232592795747025,Group 232592795747025
true,778322628968357,Group 778322628968357
true,498640005258687,Group 498640005258687
true,bienesraices.bolivia.bo,Group bienesraices.bolivia.bo
true,1173843636598725,Group 1173843636598725
true,674332310425293,Group 674332310425293
true,1586014971682738,Group 1586014971682738
true,767985139132642,Group 767985139132642
true,1363932664001805,Group 1363932664001805
true,334004273917777,Group 334004273917777
true,199557873935111,Group 199557873935111
true,9814737591942147,Group 9814737591942147
true,217402643441680,Group 217402643441680
true,CasasDeBolivia,Group CasasDeBolivia
true,489168992269483,Group 489168992269483
true,244168875965105,Group 244168875965105
true,232496207780684,Group 232496207780684
true,116455408504929,Group 116455408504929
true,2328971167337180,Group 2328971167337180
true,1641545832599003,Group 1641545832599003
true,734315370028528,Group 734315370028528
true,621869515555436,Group 621869515555436
true,279365940022657,Group 279365940022657
true,1772811112890736,Group 1772811112890736
true,1419232121448217,Group 1419232121448217
true,799381587783108,Group 799381587783108
true,1595198830789471,Group 1595198830789471
true,664154337704066,Group 664154337704066
true,455184884608810,Group 455184884608810
true,3684526058306945,Group 3684526058306945
true,991383634307347,Group 991383634307347
true,464317267076533,Group 464317267076533
true,2849525371742653,Group 2849525371742653
true,ANTICRETICOSPOTOSI,Group ANTICRETICOSPOTOSI
true,1406455926069038,Group 1406455926069038
true,881481450719240,Group 881481450719240
true,798735304968410,Group 798735304968410
true,455550345213228,Group 455550345213228
true,compra.y.venta.departamentos.casas.garzoniers,Group compra.y.venta.departamentos.casas.garzoniers
true,217732301725755,Group 217732301725755
true,391880057976910,Group 391880057976910
true,excelbienesraices,Group excelbienesraices
true,191458301063238,Group 191458301063238
true,1046095015589418,Group 1046095015589418
true,312543377767388,Group 312543377767388
true,1726654451183871,Group 1726654451183871
true,569271736909672,Group 569271736909672
true,617786442436586,Group 617786442436586
true,933192851372869,Group 933192851372869
true,703373046998390,Group 703373046998390
true,739230009488099,Group 739230009488099
true,elalto.rs,Group elalto.rs
true,1651059301647117,Group 1651059301647117
true,975691376609954,Group 975691376609954
true,clasificadosremaxbolivia,Group clasificadosremaxbolivia
true,770480080337098,Group 770480080337098
true,147142259238873,Group 147142259238873
true,753076856245588,Group 753076856245588
true,965116614671565,Group 965116614671565
true,924908902641363,Group 924908902641363
true,ofertasinmobiliarias,Group ofertasinmobiliarias
true,659562997787715,Group 659562997787715
true,387126391458776,Group 387126391458776
true,1661903644053648,Group 1661903644053648
true,1995559197392203,Group 1995559197392203
true,alquiler.de.casas.departamentos.locales.en.bolivia,Group alquiler.de.casas.departamentos.locales.en.bolivia
true,196143671619724,Group 196143671619724
true,165201545334957,Group 165201545334957
true,628828701271334,Group 628828701271334
true,casaenventascz,Group casaenventascz
true,1067972320489309,Group 1067972320489309
true,191241367035939,Group 191241367035939
true,403312717103753,Group 403312717103753
true,2674954389326889,Group 2674954389326889
true,376248305833314,Group 376248305833314
true,552229885309836,Group 552229885309836
true,1455256561790301,Group 1455256561790301
true,1208463540243433,Group 1208463540243433
true,652309311569401,Group 652309311569401
true,1321949884606614,Group 1321949884606614
true,513360846404222,Group 513360846404222
true,875213615994493,Group 875213615994493
true,268450025708599,Group 268450025708599
true,143451677752078,Group 143451677752078
true,1338998223355287,Group 1338998223355287
true,940981874539260,Group 940981874539260
true,682247605166526,Group 682247605166526
true,456837547986123,Group 456837547986123
true,822134885255658,Group 822134885255658
true,573452350231783,Group 573452350231783
true,473187386225646,Group 473187386225646
true,bo.inmuebles,Group bo.inmuebles
true,832444634461428,Group 832444634461428
true,616420579594227,Group 616420579594227
true,690508002872460,Group 690508002872460
true,528008930187978,Group 528008930187978
true,294083594450870,Group 294083594450870
true,bienesraicesbolivia,Group bienesraicesbolivia
true,391933447132989,Group 391933447132989
true,1882719025509424,Group 1882719025509424
true,1821211387930380,Group 1821211387930380
true,1179164603052491,Group 1179164603052491
true,543944099109270,Group 543944099109270
true,496188793889679,Group 496188793889679
true,2084444385254299,Group 2084444385254299
true,1134249284672577,Group 1134249284672577
true,557694903983239,Group 557694903983239
true,1634959933989180,Group 1634959933989180
true,ddrr5,Group ddrr5
true,1353251829408687,Group 1353251829408687
true,EL.INMOBILIARIO,Group EL.INMOBILIARIO
true,ddrr1,Group ddrr1
true,680491404253349,Group 680491404253349
true,5083906055071422,Group 5083906055071422
true,628165029619136,Group 628165029619136
true,339748706517651,Group 339748706517651
true,inmobiliariaelige,Group inmobiliariaelige
true,5702282559836465,Group 5702282559836465
true,794795039180023,Group 794795039180023
true,253268193944971,Group 253268193944971
true,944042553242333,Group 944042553242333
true,1549955059070830,Group 1549955059070830
true,AgentesInmobiliarios.Asociados.SantaCruz,Group AgentesInmobiliarios.Asociados.SantaCruz
true,g.inmobiliario,Group g.inmobiliario
true,flores7daniel,Group flores7daniel
true,803286267966148,Group 803286267966148
true,alquileres.cb,Group alquileres.cb
true,1135454030713211,Group 1135454030713211
true,inversionesbienesraicesbolivia,Group inversionesbienesraicesbolivia
true,inmobiliariocochabamba,Group inmobiliariocochabamba
true,1026439151825342,Group 1026439151825342
true,1267872017305237,Group 1267872017305237
true,1865148293770067,Group 1865148293770067
true,101157416625450,Group 101157416625450
true,1556569994866120,Group 1556569994866120
true,114471441623784,Group 114471441623784
true,1914106971932696,Group 1914106971932696
true,231285663618755,Group 231285663618755
true,3197718663838592,Group 3197718663838592
true,914435306485247,Group 914435306485247
true,419462974358730,Group 419462974358730
true,1031832540671767,Group 1031832540671767
true,casasterrenosdepartamentosbolivia,Group casasterrenosdepartamentosbolivia
true,467519520538711,Group 467519520538711
true,401094801634375,Group 401094801634375
true,579126385505748,Group 579126385505748
true,472653917468494,Group 472653917468494
true,1225576020876524,Group 1225576020876524
true,alquileresyanticreticosencochabamba,Group alquileresyanticreticosencochabamba
true,556598526665449,Group 556598526665449
true,245209696064571,Group 245209696064571
true,2063142130644806,Group 2063142130644806
true,2350698391609932,Group 2350698391609932
true,1323797698891407,Group 1323797698891407
true,1786559068505161,Group 1786559068505161
true,608209261092821,Group 608209261092821
true,anticreticosencochabamba,Group anticreticosencochabamba
true,706579793441214,Group 706579793441214
true,1305047263468084,Group 1305047263468084
true,743780485737514,Group 743780485737514
true,584762159296136,Group 584762159296136
true,1231476093652767,Group 1231476093652767
true,820309752199559,Group 820309752199559
true,268563958396499,Group 268563958396499
true,497730270377356,Group 497730270377356
true,1679407148955980,Group 1679407148955980
true,335419720466915,Group 335419720466915
true,663639663670550,Group 663639663670550
true,1973104496277824,Group 1973104496277824
true,441422672576655,Group 441422672576655
true,7009852235702281,Group 7009852235702281
true,274099076583307,Group 274099076583307
true,1119260603169085,Group 1119260603169085
true,136612409862048,Group 136612409862048
true,1578243975713399,Group 1578243975713399
true,2020207664865723,Group 2020207664865723
true,881774195330881,Group 881774195330881
true,981323113288579,Group 981323113288579
true,inmuebles.terrenos,Group inmuebles.terrenos
true,asesor.inmobiliario.vende,Group asesor.inmobiliario.vende
true,1188934399279683,Group 1188934399279683
true,335681579867742,Group 335681579867742
true,631422707034389,Group 631422707034389
true,657414110945189,Group 657414110945189
true,353545718140695,Group 353545718140695
true,731725053539185,Group 731725053539185
true,653123850737236,Group 653123850737236
true,693714740250421,Group 693714740250421
true,746558575493239,Group 746558575493239
true,430244531583055,Group 430244531583055
true,2249527108419594,Group 2249527108419594
true,1133560680061340,Group 1133560680061340
true,3658927917554779,Group 3658927917554779
true,1575212822718736,Group 1575212822718736
true,331161189481828,Group 331161189481828
true,131734951416080,Group 131734951416080
true,inmueblescochabamba.bo,Group inmueblescochabamba.bo
true,1630047444065924,Group 1630047444065924
true,1096433767976805,Group 1096433767976805
true,578333167830794,Group 578333167830794
true,134790928481074,Group 134790928481074
true,ofertasinmobiliariasbolivia,Group ofertasinmobiliariasbolivia
true,692211190909779,Group 692211190909779
true,302942854327975,Group 302942854327975
true,141387202568528,Group 141387202568528
true,1230982097648314,Group 1230982097648314
true,412699029132387,Group 412699029132387
true,6362573983832538,Group 6362573983832538
true,quillacollo.propiedades,Group quillacollo.propiedades
true,277542612964971,Group 277542612964971
true,1182986975993468,Group 1182986975993468
true,130858410313298,Group 130858410313298
true,1235720450714737,Group 1235720450714737
true,1563811043921324,Group 1563811043921324
true,625064791216520,Group 625064791216520
true,164721786401650,Group 164721786401650
true,3228796653901914,Group 3228796653901914
true,CasasDepartamentosInmueblesenBolivia,Group CasasDepartamentosInmueblesenBolivia
true,778592907290362,Group 778592907290362
true,310816086282302,Group 310816086282302
true,912540248839868,Group 912540248839868
true,560554900703163,Group 560554900703163
true,733415817313666,Group 733415817313666
true,562305073920600,Group 562305073920600
true,439104637130200,Group 439104637130200
true,1087360091863160,Group 1087360091863160
true,869804309714327,Group 869804309714327
true,144021802916362,Group 144021802916362
true,913002378831147,Group 913002378831147
true,1160542731252901,Group 1160542731252901
true,774516832913290,Group 774516832913290
true,420449846141885,Group 420449846141885
true,1688544441544828,Group 1688544441544828
true,406340047090036,Group 406340047090036
true,900418560050224,Group 900418560050224
true,ventascbba,Group ventascbba
true,departamentosalquiler,Group departamentosalquiler
true,1300668904170588,Group 1300668904170588
true,752252823260367,Group 752252823260367
true,1535864066490767,Group 1535864066490767
true,1280122922069888,Group 1280122922069888
true,1452111084831181,Group 1452111084831181
true,2969224163366116,Group 2969224163366116
true,285497730079134,Group 285497730079134
true,276139331071290,Group 276139331071290
true,2079602702274902,Group 2079602702274902
true,569931616513668,Group 569931616513668
true,385092425431711,Group 385092425431711
true,936006286482539,Group 936006286482539
true,622067944813779,Group 622067944813779
true,531474301755073,Group 531474301755073
true,681583179855540,Group 681583179855540
true,2286936158243765,Group 2286936158243765
true,199164074001016,Group 199164074001016
true,negoinmob,Group negoinmob
true,1222797965699042,Group 1222797965699042
true,1646182345524618,Group 1646182345524618
true,362615259977311,Group 362615259977311
true,1947948638765406,Group 1947948638765406
true,pavitocafe,Group pavitocafe
true,131718964133113,Group 131718964133113
true,153322391993674,Group 153322391993674
true,2240604109572052,Group 2240604109572052
true,clasificadoshomesantacruz,Group clasificadoshomesantacruz
true,425800600892939,Group 425800600892939
true,corredores.inversiones,Group corredores.inversiones
true,294361084985962,Group 294361084985962
true,1145890975468064,Group 1145890975468064
true,1748189029340960,Group 1748189029340960
true,1202940770358547,Group 1202940770358547
true,272713355102614,Group 272713355102614
true,inmueblessucrebolivia,Group inmueblessucrebolivia
true,1170396520050953,Group 1170396520050953
true,652747436498485,Group 652747436498485
true,3111925975768679,Group 3111925975768679
true,730947074403623,Group 730947074403623
true,3198296177158628,Group 3198296177158628
true,1494175127518144,Group 1494175127518144
true,1589442871304691,Group 1589442871304691
true,3766588006991762,Group 3766588006991762
true,1614352325511240,Group 1614352325511240
true,AnunciosGratisInmobiliariaBolivia,Group AnunciosGratisInmobiliariaBolivia
true,1534803343274343,Group 1534803343274343
true,247871564451697,Group 247871564451697
true,ventasanticreticosyalquilescochabamba,Group ventasanticreticosyalquilescochabamba
true,985980835850984,Group 985980835850984
true,528377674274882,Group 528377674274882
true,2873766912666949,Group 2873766912666949
true,711896986691461,Group 711896986691461
true,553694666635909,Group 553694666635909
true,1257721697707682,Group 1257721697707682
true,745686388118956,Group 745686388118956
true,2067903043457380,Group 2067903043457380
true,194543676014714,Group 194543676014714
true,126382147152675,Group 126382147152675
true,2603788223233925,Group 2603788223233925
true,471456376361143,Group 471456376361143
true,3321531121445454,Group 3321531121445454
true,470716076787016,Group 470716076787016
true,331241827412282,Group 331241827412282
true,cochabamba.rs,Group cochabamba.rs
true,ventadecasalotesydepartamentoscochabamba,Group ventadecasalotesydepartamentoscochabamba
true,1822256531351733,Group 1822256531351733
true,1390854185174796,Group 1390854185174796
true,1064246595042369,Group 1064246595042369
true,587126076499683,Group 587126076499683
true,1084541033260520,Group 1084541033260520
true,2138569049580259,Group 2138569049580259
true,441629519222171,Group 441629519222171
true,1279001299227429,Group 1279001299227429
true,942135667019971,Group 942135667019971
true,1635047230311839,Group 1635047230311839
true,791104238340736,Group 791104238340736
true,372237749608584,Group 372237749608584
true,331434332758195,Group 331434332758195
true,2046820375404616,Group 2046820375404616
true,RolandoMoro.AgenteInmobiliario.Remax.05,Group RolandoMoro.AgenteInmobiliario.Remax.05
true,387631550359788,Group 387631550359788
true,311872953476702,Group 311872953476702
true,283665653978989,Group 283665653978989
true,626432044044651,Group 626432044044651
true,1034277093445898,Group 1034277093445898
true,1742365642681468,Group 1742365642681468
true,279234796723961,Group 279234796723961
true,1560285137580237,Group 1560285137580237
true,bienesraicescochabamba,Group bienesraicescochabamba
true,100594584135165,Group 100594584135165
true,596710361016259,Group 596710361016259
true,1009964256791518,Group 1009964256791518
true,805212309609048,Group 805212309609048
true,273218543111884,Group 273218543111884
true,2577187012598088,Group 2577187012598088
true,2256498377901964,Group 2256498377901964
true,2516442865270040,Group 2516442865270040
true,1434473863464435,Group 1434473863464435
